Counter,ResNet50 Best Param,ResNet50 Val Acc,ResNet50 Test Acc,ResNet50 F1 score,ResNet50 Precision,ResNet50 Recall,ResNet50 True Neg.,ResNet50 False Pos.,ResNet50 False Neg.,ResNet50 True Pos.,ResNeXt50 Best Param,ResNeXt50 Val Acc,ResNeXt50 Test Acc,ResNeXt50 F1 score,ResNeXt50 Precision,ResNeXt50 Recall,ResNeXt50 True Neg.,ResNeXt50 False Pos.,ResNeXt50 False Neg.,ResNeXt50 True Pos.,EfficientNet B4 Best Param,EfficientNet B4 Val Acc,EfficientNet B4 Test Acc,EfficientNet B4 F1 score,EfficientNet B4 Precision,EfficientNet B4 Recall,EfficientNet B4 True Neg.,EfficientNet B4 False Pos.,EfficientNet B4 False Neg.,EfficientNet B4 True Pos.,ResNet50V2 Best Param,ResNet50V2 Val Acc,ResNet50V2 Test Acc,ResNet50V2 F1 score,ResNet50V2 Precision,ResNet50V2 Recall,ResNet50V2 True Neg.,ResNet50V2 False Pos.,ResNet50V2 False Neg.,ResNet50V2 True Pos.,ResNet101 Best Param,ResNet101 Val Acc,ResNet101 Test Acc,ResNet101 F1 score,ResNet101 Precision,ResNet101 Recall,ResNet101 True Neg.,ResNet101 False Pos.,ResNet101 False Neg.,ResNet101 True Pos.,ResNet152 Best Param,ResNet152 Val Acc,ResNet152 Test Acc,ResNet152 F1 score,ResNet152 Precision,ResNet152 Recall,ResNet152 True Neg.,ResNet152 False Pos.,ResNet152 False Neg.,ResNet152 True Pos.,ResNet152V2 Best Param,ResNet152V2 Val Acc,ResNet152V2 Test Acc,ResNet152V2 F1 score,ResNet152V2 Precision,ResNet152V2 Recall,ResNet152V2 True Neg.,ResNet152V2 False Pos.,ResNet152V2 False Neg.,ResNet152V2 True Pos.,EfficientNetB0 Best Param,EfficientNetB0 Val Acc,EfficientNetB0 Test Acc,EfficientNetB0 F1 score,EfficientNetB0 Precision,EfficientNetB0 Recall,EfficientNetB0 True Neg.,EfficientNetB0 False Pos.,EfficientNetB0 False Neg.,EfficientNetB0 True Pos.,EfficientNetB7 Best Param,EfficientNetB7 Val Acc,EfficientNetB7 Test Acc,EfficientNetB7 F1 score,EfficientNetB7 Precision,EfficientNetB7 Recall,EfficientNetB7 True Neg.,EfficientNetB7 False Pos.,EfficientNetB7 False Neg.,EfficientNetB7 True Pos.,Ensemble of 1 & 2 Best Param,Ensemble of 1 & 2 Val Acc,Ensemble of 1 & 2 Test Acc,Ensemble of 1 & 2 F1 score,Ensemble of 1 & 2 Precision,Ensemble of 1 & 2 Recall,Ensemble of 1 & 2 True Neg.,Ensemble of 1 & 2 False Pos.,Ensemble of 1 & 2 False Neg.,Ensemble of 1 & 2 True Pos.,"Ensemble of 1, 2 & 3 Best Param","Ensemble of 1, 2 & 3 Val Acc","Ensemble of 1, 2 & 3 Test Acc","Ensemble of 1, 2 & 3 F1 score","Ensemble of 1, 2 & 3 Precision","Ensemble of 1, 2 & 3 Recall","Ensemble of 1, 2 & 3 True Neg.","Ensemble of 1, 2 & 3 False Pos.","Ensemble of 1, 2 & 3 False Neg.","Ensemble of 1, 2 & 3 True Pos.","Ensemble of 1, 2 & 4 Best Param","Ensemble of 1, 2 & 4 Val Acc","Ensemble of 1, 2 & 4 Test Acc","Ensemble of 1, 2 & 4 F1 score","Ensemble of 1, 2 & 4 Precision","Ensemble of 1, 2 & 4 Recall","Ensemble of 1, 2 & 4 True Neg.","Ensemble of 1, 2 & 4 False Pos.","Ensemble of 1, 2 & 4 False Neg.","Ensemble of 1, 2 & 4 True Pos."
0,{'logisticregression__C': 0.0001},83.12,85.42,0.85,0.85,0.85,122.0,22.0,20.0,124.0,{'logisticregression__C': 0.001},77.92,82.29,0.82,0.82,0.82,116.0,28.0,23.0,121.0,{'logisticregression__C': 0.0001},81.82,81.94,0.82,0.82,0.82,113.0,31.0,21.0,123.0,{'logisticregression__C': 0.0001},78.79,78.47,0.78,0.79,0.78,108.0,36.0,26.0,118.0,{'logisticregression__C': 0.001},83.98,85.42,0.85,0.85,0.85,121.0,23.0,19.0,125.0,{'logisticregression__C': 0.0005},83.55,82.99,0.83,0.83,0.83,115.0,29.0,20.0,124.0,{'logisticregression__C': 0.0001},79.22,80.9,0.81,0.81,0.81,114.0,30.0,25.0,119.0,{'logisticregression__C': 0.0001},82.25,84.03,0.84,0.84,0.84,115.0,29.0,17.0,127.0,{'logisticregression__C': 0.0005},78.79,80.9,0.81,0.81,0.81,110.0,34.0,21.0,123.0,{'logisticregression__C': 0.001},84.42,86.11,0.86,0.86,0.86,124.0,20.0,20.0,124.0,{'logisticregression__C': 0.001},83.98,85.42,0.85,0.85,0.85,122.0,22.0,20.0,124.0,{'logisticregression__C': 0.001},82.68,85.76,0.86,0.86,0.86,123.0,21.0,20.0,124.0
1,{'logisticregression__C': 0.001},87.88,84.03,0.84,0.84,0.84,119.0,25.0,21.0,123.0,{'logisticregression__C': 0.0001},83.98,80.21,0.8,0.8,0.8,111.0,33.0,24.0,120.0,{'logisticregression__C': 0.0005},84.85,79.86,0.8,0.8,0.8,110.0,34.0,24.0,120.0,{'logisticregression__C': 0.0001},79.65,79.51,0.79,0.8,0.8,109.0,35.0,24.0,120.0,{'logisticregression__C': 0.001},86.15,82.99,0.83,0.83,0.83,117.0,27.0,22.0,122.0,{'logisticregression__C': 0.0005},83.12,82.29,0.82,0.82,0.82,115.0,29.0,22.0,122.0,{'logisticregression__C': 0.0001},79.22,79.51,0.8,0.8,0.8,111.0,33.0,26.0,118.0,{'logisticregression__C': 0.0001},84.85,82.64,0.83,0.83,0.83,114.0,30.0,20.0,124.0,{'logisticregression__C': 0.001},81.39,81.6,0.82,0.82,0.82,113.0,31.0,22.0,122.0,{'logisticregression__C': 0.0001},87.01,83.68,0.84,0.84,0.84,120.0,24.0,23.0,121.0,{'logisticregression__C': 0.0001},87.88,84.38,0.84,0.85,0.84,115.0,29.0,16.0,128.0,{'logisticregression__C': 0.0005},83.55,85.07,0.85,0.85,0.85,119.0,25.0,18.0,126.0
2,{'logisticregression__C': 0.0001},81.39,82.99,0.83,0.83,0.83,119.0,25.0,24.0,120.0,{'logisticregression__C': 0.0001},78.35,81.25,0.81,0.81,0.81,116.0,28.0,26.0,118.0,{'logisticregression__C': 0.0001},84.85,80.9,0.81,0.81,0.81,110.0,34.0,21.0,123.0,{'logisticregression__C': 0.001},74.46,76.39,0.76,0.76,0.76,109.0,35.0,33.0,111.0,{'logisticregression__C': 0.001},80.52,83.33,0.83,0.83,0.83,115.0,29.0,19.0,125.0,{'logisticregression__C': 0.0001},81.39,78.12,0.78,0.78,0.78,107.0,37.0,26.0,118.0,{'logisticregression__C': 0.0005},77.49,78.82,0.79,0.79,0.79,108.0,36.0,25.0,119.0,{'logisticregression__C': 0.0005},83.12,81.94,0.82,0.82,0.82,112.0,32.0,20.0,124.0,{'logisticregression__C': 0.0005},79.22,78.47,0.78,0.79,0.78,106.0,38.0,24.0,120.0,{'logisticregression__C': 0.0005},79.65,82.64,0.83,0.83,0.83,117.0,27.0,23.0,121.0,{'logisticregression__C': 0.0005},84.42,83.68,0.84,0.84,0.84,119.0,25.0,22.0,122.0,{'logisticregression__C': 0.0001},80.95,83.33,0.83,0.83,0.83,119.0,25.0,23.0,121.0
3,{'logisticregression__C': 0.0001},84.42,84.72,0.85,0.85,0.85,122.0,22.0,22.0,122.0,{'logisticregression__C': 0.001},82.25,80.21,0.8,0.8,0.8,112.0,32.0,25.0,119.0,{'logisticregression__C': 0.0001},80.95,80.9,0.81,0.81,0.81,110.0,34.0,21.0,123.0,{'logisticregression__C': 0.0001},81.39,78.12,0.78,0.78,0.78,109.0,35.0,28.0,116.0,{'logisticregression__C': 0.0005},83.98,83.33,0.83,0.83,0.83,115.0,29.0,19.0,125.0,{'logisticregression__C': 0.001},85.28,78.47,0.78,0.79,0.78,106.0,38.0,24.0,120.0,{'logisticregression__C': 0.0001},81.39,76.39,0.76,0.77,0.76,102.0,42.0,26.0,118.0,{'logisticregression__C': 0.0001},86.15,80.9,0.81,0.81,0.81,109.0,35.0,20.0,124.0,{'logisticregression__C': 0.0001},82.68,78.47,0.78,0.79,0.78,107.0,37.0,25.0,119.0,{'logisticregression__C': 0.001},86.15,84.38,0.84,0.84,0.84,121.0,23.0,22.0,122.0,{'logisticregression__C': 0.0005},87.45,83.68,0.84,0.84,0.84,116.0,28.0,19.0,125.0,{'logisticregression__C': 0.0001},85.28,83.33,0.83,0.83,0.83,116.0,28.0,20.0,124.0
4,{'logisticregression__C': 0.0005},81.82,83.68,0.84,0.84,0.84,120.0,24.0,23.0,121.0,{'logisticregression__C': 0.0001},79.65,80.9,0.81,0.81,0.81,114.0,30.0,25.0,119.0,{'logisticregression__C': 0.001},82.68,80.56,0.81,0.81,0.81,110.0,34.0,22.0,122.0,{'logisticregression__C': 0.0001},79.22,78.82,0.79,0.79,0.79,109.0,35.0,26.0,118.0,{'logisticregression__C': 0.001},82.68,81.94,0.82,0.82,0.82,114.0,30.0,22.0,122.0,{'logisticregression__C': 0.0001},81.39,79.51,0.79,0.8,0.8,106.0,38.0,21.0,123.0,{'logisticregression__C': 0.0001},80.52,79.17,0.79,0.79,0.79,112.0,32.0,28.0,116.0,{'logisticregression__C': 0.0001},84.42,83.33,0.83,0.84,0.83,112.0,32.0,16.0,128.0,{'logisticregression__C': 0.0005},79.22,77.08,0.77,0.78,0.77,102.0,42.0,24.0,120.0,{'logisticregression__C': 0.0005},83.12,84.38,0.84,0.84,0.84,119.0,25.0,20.0,124.0,{'logisticregression__C': 0.0001},83.98,84.03,0.84,0.84,0.84,117.0,27.0,19.0,125.0,{'logisticregression__C': 0.001},80.95,85.76,0.86,0.86,0.86,120.0,24.0,17.0,127.0
5,{'logisticregression__C': 0.0001},84.42,86.11,0.86,0.86,0.86,123.0,21.0,19.0,125.0,{'logisticregression__C': 0.001},83.12,80.9,0.81,0.81,0.81,110.0,34.0,21.0,123.0,{'logisticregression__C': 0.0001},85.28,80.21,0.8,0.8,0.8,110.0,34.0,23.0,121.0,{'logisticregression__C': 0.0001},78.79,79.51,0.79,0.8,0.8,110.0,34.0,25.0,119.0,{'logisticregression__C': 0.0005},85.71,86.46,0.86,0.86,0.86,125.0,19.0,20.0,124.0,{'logisticregression__C': 0.001},84.85,81.25,0.81,0.81,0.81,111.0,33.0,21.0,123.0,{'logisticregression__C': 0.0001},81.39,76.39,0.76,0.76,0.76,107.0,37.0,31.0,113.0,{'logisticregression__C': 0.0001},87.45,82.64,0.83,0.83,0.83,111.0,33.0,17.0,127.0,{'logisticregression__C': 0.0005},83.55,76.39,0.76,0.77,0.76,102.0,42.0,26.0,118.0,{'logisticregression__C': 0.0005},86.15,84.38,0.84,0.84,0.84,119.0,25.0,20.0,124.0,{'logisticregression__C': 0.001},87.45,84.72,0.85,0.85,0.85,117.0,27.0,17.0,127.0,{'logisticregression__C': 0.0001},85.71,85.07,0.85,0.85,0.85,119.0,25.0,18.0,126.0
6,{'logisticregression__C': 0.0005},87.88,85.07,0.85,0.85,0.85,122.0,22.0,21.0,123.0,{'logisticregression__C': 0.0001},85.71,80.56,0.81,0.81,0.81,112.0,32.0,24.0,120.0,{'logisticregression__C': 0.0005},85.28,80.21,0.8,0.8,0.8,109.0,35.0,22.0,122.0,{'logisticregression__C': 0.0001},79.22,78.47,0.78,0.79,0.78,109.0,35.0,27.0,117.0,{'logisticregression__C': 0.001},83.98,83.33,0.83,0.83,0.83,117.0,27.0,21.0,123.0,{'logisticregression__C': 0.001},88.31,80.21,0.8,0.8,0.8,109.0,35.0,22.0,122.0,{'logisticregression__C': 0.0001},84.42,77.78,0.78,0.78,0.78,106.0,38.0,26.0,118.0,{'logisticregression__C': 0.0005},87.88,82.29,0.82,0.83,0.82,111.0,33.0,18.0,126.0,{'logisticregression__C': 0.0001},84.85,77.43,0.77,0.78,0.77,105.0,39.0,26.0,118.0,{'logisticregression__C': 0.0001},87.45,84.72,0.85,0.85,0.85,118.0,26.0,18.0,126.0,{'logisticregression__C': 0.0005},86.58,84.38,0.84,0.84,0.84,118.0,26.0,19.0,125.0,{'logisticregression__C': 0.001},85.28,83.68,0.84,0.84,0.84,116.0,28.0,19.0,125.0
7,{'logisticregression__C': 0.0001},83.55,84.03,0.84,0.84,0.84,120.0,24.0,22.0,122.0,{'logisticregression__C': 0.0001},81.82,83.33,0.83,0.83,0.83,119.0,25.0,23.0,121.0,{'logisticregression__C': 0.0001},80.52,79.86,0.8,0.8,0.8,107.0,37.0,21.0,123.0,{'logisticregression__C': 0.0001},79.22,77.78,0.78,0.78,0.78,108.0,36.0,28.0,116.0,{'logisticregression__C': 0.0005},83.98,82.99,0.83,0.83,0.83,116.0,28.0,21.0,123.0,{'logisticregression__C': 0.001},83.98,78.82,0.79,0.79,0.79,109.0,35.0,26.0,118.0,{'logisticregression__C': 0.0001},79.65,78.47,0.78,0.79,0.78,106.0,38.0,24.0,120.0,{'logisticregression__C': 0.0001},84.42,81.6,0.82,0.82,0.82,111.0,33.0,20.0,124.0,{'logisticregression__C': 0.001},80.95,77.08,0.77,0.78,0.77,102.0,42.0,24.0,120.0,{'logisticregression__C': 0.001},84.42,83.33,0.83,0.83,0.83,118.0,26.0,22.0,122.0,{'logisticregression__C': 0.0001},83.98,83.68,0.84,0.84,0.84,116.0,28.0,19.0,125.0,{'logisticregression__C': 0.001},83.55,83.68,0.84,0.84,0.84,116.0,28.0,19.0,125.0
8,{'logisticregression__C': 0.0001},83.55,84.03,0.84,0.84,0.84,120.0,24.0,22.0,122.0,{'logisticregression__C': 0.0001},83.55,80.56,0.81,0.81,0.81,113.0,31.0,25.0,119.0,{'logisticregression__C': 0.0001},82.68,79.17,0.79,0.8,0.79,105.0,39.0,21.0,123.0,{'logisticregression__C': 0.0001},78.35,80.21,0.8,0.8,0.8,112.0,32.0,25.0,119.0,{'logisticregression__C': 0.001},80.52,82.64,0.83,0.83,0.83,115.0,29.0,21.0,123.0,{'logisticregression__C': 0.0001},80.95,80.21,0.8,0.8,0.8,113.0,31.0,26.0,118.0,{'logisticregression__C': 0.0001},78.35,78.47,0.78,0.79,0.78,110.0,34.0,28.0,116.0,{'logisticregression__C': 0.001},81.39,81.94,0.82,0.82,0.82,111.0,33.0,19.0,125.0,{'logisticregression__C': 0.001},83.12,78.47,0.78,0.79,0.78,106.0,38.0,24.0,120.0,{'logisticregression__C': 0.0005},86.15,83.33,0.83,0.83,0.83,115.0,29.0,19.0,125.0,{'logisticregression__C': 0.001},85.28,83.68,0.84,0.84,0.84,114.0,30.0,17.0,127.0,{'logisticregression__C': 0.001},84.85,83.33,0.83,0.83,0.83,116.0,28.0,20.0,124.0
9,{'logisticregression__C': 0.0001},83.12,83.33,0.83,0.83,0.83,118.0,26.0,22.0,122.0,{'logisticregression__C': 0.0005},82.25,82.99,0.83,0.83,0.83,117.0,27.0,22.0,122.0,{'logisticregression__C': 0.0001},84.42,82.29,0.82,0.82,0.82,113.0,31.0,20.0,124.0,{'logisticregression__C': 0.0001},78.35,77.78,0.78,0.78,0.78,108.0,36.0,28.0,116.0,{'logisticregression__C': 0.0001},83.55,83.68,0.84,0.84,0.84,118.0,26.0,21.0,123.0,{'logisticregression__C': 0.001},85.71,78.82,0.79,0.79,0.79,109.0,35.0,26.0,118.0,{'logisticregression__C': 0.0001},77.49,78.82,0.79,0.79,0.79,111.0,33.0,28.0,116.0,{'logisticregression__C': 0.0001},85.28,81.6,0.82,0.82,0.82,109.0,35.0,18.0,126.0,{'logisticregression__C': 0.001},82.68,80.56,0.8,0.81,0.81,108.0,36.0,20.0,124.0,{'logisticregression__C': 0.0005},86.15,84.38,0.84,0.84,0.84,118.0,26.0,19.0,125.0,{'logisticregression__C': 0.0005},86.15,85.07,0.85,0.85,0.85,118.0,26.0,17.0,127.0,{'logisticregression__C': 0.0005},84.85,84.38,0.84,0.85,0.84,117.0,27.0,18.0,126.0
4.5,,84.115,84.341,0.843,0.843,0.843,120.5,23.5,21.6,122.4,,81.85999999999999,81.32000000000001,0.8130000000000001,0.8130000000000001,0.8130000000000001,114.0,30.0,23.8,120.2,,83.333,80.59,0.806,0.807,0.806,109.7,34.3,21.6,122.4,,78.744,78.506,0.783,0.787,0.785,109.1,34.9,27.0,117.0,,83.505,83.61099999999999,0.835,0.835,0.835,117.3,26.7,20.5,123.5,,83.85300000000002,80.069,0.799,0.8009999999999999,0.8,110.0,34.0,23.4,120.6,,79.914,78.47200000000001,0.784,0.787,0.784,108.7,35.3,26.7,117.3,,84.72099999999999,82.291,0.8240000000000001,0.826,0.8240000000000001,111.5,32.5,18.5,125.5,,81.64500000000001,78.64500000000001,0.784,0.792,0.7849999999999999,106.1,37.9,23.6,120.4,,85.067,84.13300000000001,0.8400000000000001,0.8400000000000001,0.8400000000000001,118.9,25.1,20.6,123.4,,85.715,84.272,0.843,0.844,0.843,117.2,26.8,18.5,125.5,,83.76500000000001,84.33900000000001,0.843,0.844,0.843,118.1,25.9,19.2,124.8
9.166666666666666,,4.871961111111106,0.9492322222222219,9.000000000000015e-05,9.000000000000015e-05,9.000000000000015e-05,2.7222222222222223,2.7222222222222223,2.044444444444445,2.0444444444444443,,6.310466666666665,1.3052222222222223,0.0001122222222222214,0.0001122222222222214,0.0001122222222222214,8.444444444444445,8.444444444444445,2.4000000000000004,2.4000000000000004,,3.344378888888888,0.9196222222222254,9.33333333333328e-05,6.777777777777725e-05,9.33333333333328e-05,5.788888888888889,5.788888888888889,1.3777777777777775,1.3777777777777775,,3.018804444444453,1.1890488888888875,0.00011222222222222245,0.00015666666666666693,0.00016111111111111138,1.4333333333333331,1.4333333333333331,6.444444444444445,6.444444444444445,,3.4737388888888945,1.7930322222222215,0.00013888888888888913,0.00013888888888888913,0.00013888888888888913,11.344444444444443,11.344444444444443,1.3888888888888888,1.3888888888888888,,5.283223333333329,2.7430544444444456,0.0002766666666666659,0.00023222222222222145,0.0002666666666666659,11.555555555555555,11.555555555555555,6.044444444444443,6.044444444444443,,4.473226666666676,1.8722622222222247,0.0002488888888888893,0.0002011111111111115,0.0002488888888888893,12.677777777777777,12.677777777777777,4.233333333333333,4.2333333333333325,,4.4159655555555535,0.8314988888888893,7.111111111111089e-05,9.33333333333331e-05,7.111111111111089e-05,3.611111111111111,3.611111111111111,2.2777777777777777,2.2777777777777777,,4.297716666666663,3.2262055555555547,0.00038222222222222195,0.000262222222222222,0.0004277777777777777,13.211111111111112,13.211111111111112,4.044444444444445,4.044444444444444,,5.346378888888888,0.913445555555554,8.888888888888906e-05,8.888888888888906e-05,8.888888888888906e-05,5.877777777777776,5.877777777777777,3.1555555555555563,3.1555555555555554,,2.504672222222217,0.4043511111111064,2.3333333333333373e-05,2.6666666666666714e-05,2.3333333333333373e-05,5.066666666666666,5.066666666666666,3.1666666666666665,3.1666666666666665,,3.0940055555555466,1.003521111111111,0.0001344444444444447,0.00013777777777777803,0.0001344444444444447,5.433333333333333,5.433333333333334,2.844444444444444,2.8444444444444446
3.0276503540974917,,2.207251936483714,0.9742854931806292,0.009486832980505146,0.009486832980505146,0.009486832980505146,1.6499158227686108,1.6499158227686108,1.4298407059684815,1.429840705968481,,2.5120642242320685,1.1424632257636227,0.010593499054713764,0.010593499054713764,0.010593499054713764,2.9059326290271157,2.9059326290271157,1.5491933384829668,1.5491933384829668,,1.8287643065438717,0.9589693541621783,0.00966091783079293,0.008232726023485614,0.00966091783079293,2.406010991015812,2.406010991015812,1.1737877907772671,1.1737877907772671,,1.737470703190259,1.0904351832589076,0.010593499054713813,0.012516655570345736,0.012692955176439858,1.1972189997378646,1.1972189997378646,2.5385910352879693,2.5385910352879693,,1.863796901190925,1.3390415311790078,0.011785113019775802,0.011785113019775802,0.011785113019775802,3.368151487751767,3.368151487751767,1.1785113019775793,1.1785113019775793,,2.2985263394908766,1.6562169074262119,0.016633299933166177,0.015238839267549922,0.016329931618554498,3.39934634239519,3.39934634239519,2.4585451886114362,2.4585451886114362,,2.115000394010998,1.3683063334729635,0.015776212754932323,0.014181364924121777,0.015776212754932323,3.5605867181937554,3.5605867181937554,2.057506581601462,2.0575065816014617,,2.101419890349274,0.9118656090065517,0.008432740427115665,0.009660917830792946,0.008432740427115665,1.90029237516523,1.90029237516523,1.509230856356236,1.509230856356236,,2.073093501670068,1.7961641226668443,0.019550504398153565,0.01619327706865482,0.020682789409984758,3.6347092196090616,3.6347092196090616,2.011080417199781,2.0110804171997807,,2.312223797319128,0.9557434569776316,0.009428090415820642,0.009428090415820642,0.009428090415820642,2.4244128727957572,2.4244128727957572,1.7763883459298973,1.776388345929897,,1.5826156268096865,0.6358860834387763,0.004830458915396484,0.005163977794943227,0.004830458915396484,2.250925735484551,2.250925735484551,1.7795130420052185,1.7795130420052185,,1.7589785546036503,1.0017590085001038,0.01159501808728407,0.011737877907772684,0.01159501808728407,2.3309511649396115,2.330951164939612,1.6865480854231356,1.6865480854231356
